title,score,people_num,quote,description,url,pic
肖申克的救赎,9.7,2965370,希望让人自由。,,https://movie.douban.com/subject/1292052/,https://img3.doubanio.com/view/photo/s_ratio_poster/public/p480747492.jpg
霸王别姬,9.6,2191166,风华绝代。,,https://movie.douban.com/subject/1291546/,https://img1.doubanio.com/view/photo/s_ratio_poster/public/p2561716440.jpg
阿甘正传,9.5,2210091,一部美国近现代史。,,https://movie.douban.com/subject/1292720/,https://img3.doubanio.com/view/photo/s_ratio_poster/public/p2372307693.jpg
泰坦尼克号,9.5,2245797,失去的才是永恒的。 ,,https://movie.douban.com/subject/1292722/,https://img9.doubanio.com/view/photo/s_ratio_poster/public/p457760035.jpg
这个杀手不太冷,9.4,2341618,怪蜀黍和小萝莉不得不说的故事。,,https://movie.douban.com/subject/1295644/,https://img2.doubanio.com/view/photo/s_ratio_poster/public/p511118051.jpg
千与千寻,9.4,2293374,最好的宫崎骏，最好的久石让。 ,,https://movie.douban.com/subject/1291561/,https://img1.doubanio.com/view/photo/s_ratio_poster/public/p2557573348.jpg
美丽人生,9.5,1354571,最美的谎言。,,https://movie.douban.com/subject/1292063/,https://img3.doubanio.com/view/photo/s_ratio_poster/public/p2578474613.jpg
星际穿越,9.4,1902186,爱是一种力量，让我们超越时空感知它的存在。,,https://movie.douban.com/subject/1889243/,https://img3.doubanio.com/view/photo/s_ratio_poster/public/p2614988097.jpg
盗梦空间,9.4,2113242,诺兰给了我们一场无法盗取的梦。,,https://movie.douban.com/subject/3541415/,https://img9.doubanio.com/view/photo/s_ratio_poster/public/p513344864.jpg
辛德勒的名单,9.5,1144222,拯救一个人，就是拯救整个世界。,,https://movie.douban.com/subject/1295124/,https://img3.doubanio.com/view/photo/s_ratio_poster/public/p492406163.jpg
楚门的世界,9.4,1762833,如果再也不能见到你，祝你早安，午安，晚安。,,https://movie.douban.com/subject/1292064/,https://img3.doubanio.com/view/photo/s_ratio_poster/public/p479682972.jpg
忠犬八公的故事,9.4,1424280,永远都不能忘记你所爱的人。,,https://movie.douban.com/subject/3011091/,https://img1.doubanio.com/view/photo/s_ratio_poster/public/p2587099240.jpg
海上钢琴师,9.3,1712223,每个人都要走一条自己坚定了的路，就算是粉身碎骨。 ,,https://movie.douban.com/subject/1292001/,https://img9.doubanio.com/view/photo/s_ratio_poster/public/p2574551676.jpg
三傻大闹宝莱坞,9.2,1897214,英俊版憨豆，高情商版谢耳朵。,,https://movie.douban.com/subject/3793023/,https://img2.doubanio.com/view/photo/s_ratio_poster/public/p579729551.jpg
放牛班的春天,9.3,1341952,天籁一般的童声，是最接近上帝的存在。 ,,https://movie.douban.com/subject/1291549/,https://img1.doubanio.com/view/photo/s_ratio_poster/public/p2884280708.jpg
机器人总动员,9.3,1345836,小瓦力，大人生。,,https://movie.douban.com/subject/2131459/,https://img2.doubanio.com/view/photo/s_ratio_poster/public/p1461851991.jpg
疯狂动物城,9.2,1994912,迪士尼给我们营造的乌托邦就是这样，永远善良勇敢，永远出乎意料。,,https://movie.douban.com/subject/25662329/,https://img1.doubanio.com/view/photo/s_ratio_poster/public/p2614500649.jpg
无间道,9.3,1400057,香港电影史上永不过时的杰作。,,https://movie.douban.com/subject/1307914/,https://img3.doubanio.com/view/photo/s_ratio_poster/public/p2564556863.jpg
控方证人,9.6,587344,比利·怀德满分作品。,,https://movie.douban.com/subject/1296141/,https://img1.doubanio.com/view/photo/s_ratio_poster/public/p1505392928.jpg
大话西游之大圣娶亲,9.2,1565505,一生所爱。,,https://movie.douban.com/subject/1292213/,https://img9.doubanio.com/view/photo/s_ratio_poster/public/p2455050536.jpg
熔炉,9.4,951272,我们一路奋战不是为了改变世界，而是为了不让世界改变我们。,,https://movie.douban.com/subject/5912992/,https://img9.doubanio.com/view/photo/s_ratio_poster/public/p1363250216.jpg
教父,9.3,992166,千万不要记恨你的对手，这样会让你失去理智。,,https://movie.douban.com/subject/1291841/,https://img9.doubanio.com/view/photo/s_ratio_poster/public/p616779645.jpg
触不可及,9.3,1148576,满满温情的高雅喜剧。,,https://movie.douban.com/subject/6786002/,https://img9.doubanio.com/view/photo/s_ratio_poster/public/p1454261925.jpg
当幸福来敲门,9.2,1551594,平民励志片。 ,,https://movie.douban.com/subject/1849031/,https://img9.doubanio.com/view/photo/s_ratio_poster/public/p2614359276.jpg
寻梦环游记,9.1,1732440,死亡不是真的逝去，遗忘才是永恒的消亡。,,https://movie.douban.com/subject/20495023/,https://img3.doubanio.com/view/photo/s_ratio_poster/public/p2461812747.jpg
末代皇帝,9.3,911726,“不要跟我比惨，我比你更惨”再适合这部电影不过了。,,https://movie.douban.com/subject/1293172/,https://img3.doubanio.com/view/photo/s_ratio_poster/public/p452089833.jpg
龙猫,9.2,1293135,人人心中都有个龙猫，童年就永远不会消失。,,https://movie.douban.com/subject/1291560/,https://img9.doubanio.com/view/photo/s_ratio_poster/public/p2540924496.jpg
怦然心动,9.1,1873539,真正的幸福是来自内心深处。,,https://movie.douban.com/subject/3319755/,https://img1.doubanio.com/view/photo/s_ratio_poster/public/p501177648.jpg
活着,9.3,869382,张艺谋最好的电影。,,https://movie.douban.com/subject/1292365/,https://img3.doubanio.com/view/photo/s_ratio_poster/public/p2597919477.jpg
哈利·波特与魔法石,9.2,1228626,童话世界的开端。,,https://movie.douban.com/subject/1295038/,https://img9.doubanio.com/view/photo/s_ratio_poster/public/p2614949805.jpg
蝙蝠侠：黑暗骑士,9.2,1087156,无尽的黑暗。,,https://movie.douban.com/subject/1851857/,https://img3.doubanio.com/view/photo/s_ratio_poster/public/p462657443.jpg
指环王3：王者无敌,9.3,823035,史诗的终章。,,https://movie.douban.com/subject/1291552/,https://img3.doubanio.com/view/photo/s_ratio_poster/public/p2642829472.jpg
我不是药神,9.0,2150477,对我们国家而言，这样的电影多一部是一部。,,https://movie.douban.com/subject/26752088/,https://img9.doubanio.com/view/photo/s_ratio_poster/public/p2561305376.jpg
乱世佳人,9.3,708257,Tomorrow is another day.,,https://movie.douban.com/subject/1300267/,https://img1.doubanio.com/view/photo/s_ratio_poster/public/p1963126880.jpg
飞屋环游记,9.1,1357986,最后那些最无聊的事情，才是最值得怀念的。 ,,https://movie.douban.com/subject/2129039/,https://img3.doubanio.com/view/photo/s_ratio_poster/public/p2363116942.jpg
素媛,9.3,703790,受过伤害的人总是笑得最开心，因为他们不愿意让身边的人承受一样的痛苦。,,https://movie.douban.com/subject/21937452/,https://img9.doubanio.com/view/photo/s_ratio_poster/public/p2118532944.jpg
十二怒汉,9.4,506271,1957年的理想主义。 ,,https://movie.douban.com/subject/1293182/,https://img3.doubanio.com/view/photo/s_ratio_poster/public/p2173577632.jpg
哈尔的移动城堡,9.1,1053165,带着心爱的人在天空飞翔。,,https://movie.douban.com/subject/1308807/,https://img1.doubanio.com/view/photo/s_ratio_poster/public/p2174346180.jpg
何以为家,9.1,1068167,凝视卑弱生命，用电影改变命运。,,https://movie.douban.com/subject/30170448/,https://img1.doubanio.com/view/photo/s_ratio_poster/public/p2555295759.jpg
让子弹飞,9.0,1739118,你给我翻译翻译，神马叫做TMD的惊喜。,,https://movie.douban.com/subject/3742360/,https://img3.doubanio.com/view/photo/s_ratio_poster/public/p1512562287.jpg
摔跤吧！爸爸,9.0,1600863,你不是在为你一个人战斗，你要让千千万万的女性看到女生并不是只能相夫教子。,,https://movie.douban.com/subject/26387939/,https://img1.doubanio.com/view/photo/s_ratio_poster/public/p2401676338.jpg
猫鼠游戏,9.1,1059197,骗子大师和执著警探的你追我跑故事。 ,,https://movie.douban.com/subject/1305487/,https://img2.doubanio.com/view/photo/s_ratio_poster/public/p453924541.jpg
天空之城,9.2,899950,对天空的追逐，永不停止。 ,,https://movie.douban.com/subject/1291583/,https://img1.doubanio.com/view/photo/s_ratio_poster/public/p2892380420.jpg
鬼子来了,9.3,642117,对敌人的仁慈，就是对自己残忍。,,https://movie.douban.com/subject/1291858/,https://img1.doubanio.com/view/photo/s_ratio_poster/public/p2553104888.jpg
海蒂和爷爷,9.3,644186,如果生活中有什么使你感到快乐，那就去做吧！不要管别人说什么。,,https://movie.douban.com/subject/25958717/,https://img9.doubanio.com/view/photo/s_ratio_poster/public/p2554525534.jpg
少年派的奇幻漂流,9.1,1375648,瑰丽壮观、无人能及的冒险之旅。,,https://movie.douban.com/subject/1929463/,https://img2.doubanio.com/view/photo/s_ratio_poster/public/p1784592701.jpg
钢琴家,9.3,660665,音乐能化解仇恨。,,https://movie.douban.com/subject/1296736/,https://img2.doubanio.com/view/photo/s_ratio_poster/public/p1381339291.jpg
大话西游之月光宝盒,9.0,1246454,旷古烁今。,,https://movie.douban.com/subject/1299398/,https://img3.doubanio.com/view/photo/s_ratio_poster/public/p2561721372.jpg
指环王2：双塔奇兵,9.2,772340,承前启后的史诗篇章。,,https://movie.douban.com/subject/1291572/,https://img9.doubanio.com/view/photo/s_ratio_poster/public/p2640236255.jpg
闻香识女人,9.1,911562,史上最美的探戈。,,https://movie.douban.com/subject/1298624/,https://img1.doubanio.com/view/photo/s_ratio_poster/public/p2550757929.jpg
死亡诗社,9.2,751017,当一个死水般的体制内出现一个活跃的变数时，所有的腐臭都站在了光明的对面。,,https://movie.douban.com/subject/1291548/,https://img1.doubanio.com/view/photo/s_ratio_poster/public/p2575465690.jpg
绿皮书,8.9,1691996,去除成见，需要勇气。,,https://movie.douban.com/subject/27060077/,https://img2.doubanio.com/view/photo/s_ratio_poster/public/p2531065411.jpg
罗马假日,9.1,968776,爱情哪怕只有一天。,,https://movie.douban.com/subject/1293839/,https://img9.doubanio.com/view/photo/s_ratio_poster/public/p2189265085.jpg
大闹天宫,9.4,450985,经典之作，历久弥新。,,https://movie.douban.com/subject/1418019/,https://img3.doubanio.com/view/photo/s_ratio_poster/public/p2184505167.jpg
天堂电影院,9.2,690838,那些吻戏，那些青春，都在影院的黑暗里被泪水冲刷得无比清晰。,,https://movie.douban.com/subject/1291828/,https://img1.doubanio.com/view/photo/s_ratio_poster/public/p2653054340.jpg
指环王1：护戒使者,9.1,867636,传说的开始。,,https://movie.douban.com/subject/1291571/,https://img9.doubanio.com/view/photo/s_ratio_poster/public/p2197698335.jpg
黑客帝国,9.1,856639,视觉革命。,,https://movie.douban.com/subject/1291843/,https://img1.doubanio.com/view/photo/s_ratio_poster/public/p451926968.jpg
教父2,9.3,567656,优雅的孤独。,,https://movie.douban.com/subject/1299131/,https://img3.doubanio.com/view/photo/s_ratio_poster/public/p2194138787.jpg
狮子王,9.1,865187,动物版《哈姆雷特》。,,https://movie.douban.com/subject/1301753/,https://img3.doubanio.com/view/photo/s_ratio_poster/public/p726659067.jpg
辩护人,9.2,600677,电影的现实意义大过电影本身。,,https://movie.douban.com/subject/21937445/,https://img9.doubanio.com/view/photo/s_ratio_poster/public/p2158166535.jpg
饮食男女,9.2,637579,人生不能像做菜，把所有的料都准备好了才下锅。,,https://movie.douban.com/subject/1291818/,https://img2.doubanio.com/view/photo/s_ratio_poster/public/p1910899751.jpg
搏击俱乐部,9.0,866621,邪恶与平庸蛰伏于同一个母体，在特定的时间互相对峙。,,https://movie.douban.com/subject/1292000/,https://img3.doubanio.com/view/photo/s_ratio_poster/public/p1910931622.jpg
本杰明·巴顿奇事,9.0,1006539,在时间之河里感受溺水之苦。,,https://movie.douban.com/subject/1485260/,https://img3.doubanio.com/view/photo/s_ratio_poster/public/p2192535722.jpg
美丽心灵,9.1,785769,爱是一切逻辑和原由。,,https://movie.douban.com/subject/1306029/,https://img1.doubanio.com/view/photo/s_ratio_poster/public/p1665997400.jpg
穿条纹睡衣的男孩,9.2,580845,尽管有些不切实际的幻想，这部电影依旧是一部感人肺腑的佳作。,,https://movie.douban.com/subject/3008247/,https://img3.doubanio.com/view/photo/s_ratio_poster/public/p1473670352.jpg
窃听风暴,9.2,577193,别样人生。,,https://movie.douban.com/subject/1900841/,https://img1.doubanio.com/view/photo/s_ratio_poster/public/p1808872109.jpg
情书,8.9,1145555,暗恋的极致。,,https://movie.douban.com/subject/1292220/,https://img1.doubanio.com/view/photo/s_ratio_poster/public/p2648230660.jpg
两杆大烟枪,9.1,607693,4个臭皮匠顶个诸葛亮，盖·里奇果然不是盖的。,,https://movie.douban.com/subject/1293350/,https://img1.doubanio.com/view/photo/s_ratio_poster/public/p792443418.jpg
西西里的美丽传说,8.9,997318,美丽无罪。,,https://movie.douban.com/subject/1292402/,https://img1.doubanio.com/view/photo/s_ratio_poster/public/p2441988159.jpg
音乐之声,9.1,617229,用音乐化解仇恨，让歌声串起美好。,,https://movie.douban.com/subject/1294408/,https://img3.doubanio.com/view/photo/s_ratio_poster/public/p453788577.jpg
看不见的客人,8.8,1302959,你以为你以为的就是你以为的。,,https://movie.douban.com/subject/26580232/,https://img9.doubanio.com/view/photo/s_ratio_poster/public/p2498971355.jpg
阿凡达,8.8,1451356,绝对意义上的美轮美奂。,,https://movie.douban.com/subject/1652587/,https://img1.doubanio.com/view/photo/s_ratio_poster/public/p2180085848.jpg
哈利·波特与死亡圣器(下),9.0,855025,10年的完美句点。,,https://movie.douban.com/subject/3011235/,https://img3.doubanio.com/view/photo/s_ratio_poster/public/p917846733.jpg
拯救大兵瑞恩,9.1,661470,美利坚精神输出大片No1.,,https://movie.douban.com/subject/1292849/,https://img9.doubanio.com/view/photo/s_ratio_poster/public/p1014542496.jpg
飞越疯人院,9.1,557782,自由万岁。,,https://movie.douban.com/subject/1292224/,https://img3.doubanio.com/view/photo/s_ratio_poster/public/p792238287.jpg
小鞋子,9.2,420642,奔跑的孩子是天使。,,https://movie.douban.com/subject/1303021/,https://img9.doubanio.com/view/photo/s_ratio_poster/public/p2165511465.jpg
沉默的羔羊,8.9,912682,安东尼·霍普金斯的顶级表演。,,https://movie.douban.com/subject/1293544/,https://img3.doubanio.com/view/photo/s_ratio_poster/public/p1593414327.jpg
布达佩斯大饭店,8.9,966108,小清新的故事里注入了大历史的情怀。,,https://movie.douban.com/subject/11525673/,https://img3.doubanio.com/view/photo/s_ratio_poster/public/p2183539003.jpg
功夫,8.8,1169141,警恶惩奸，维护世界和平这个任务就交给你了，好吗？,,https://movie.douban.com/subject/1291543/,https://img1.doubanio.com/view/photo/s_ratio_poster/public/p2219011938.jpg
禁闭岛,8.9,1003031,昔日翩翩少年，今日大腹便便。,,https://movie.douban.com/subject/2334904/,https://img1.doubanio.com/view/photo/s_ratio_poster/public/p450262388.jpg
蝴蝶效应,8.9,960717,人的命运被自己瞬间的抉择改变。,,https://movie.douban.com/subject/1292343/,https://img1.doubanio.com/view/photo/s_ratio_poster/public/p2209066019.jpg
致命魔术,8.9,880815,孪生蝙蝠侠大战克隆金刚狼。,,https://movie.douban.com/subject/1780330/,https://img9.doubanio.com/view/photo/s_ratio_poster/public/p480383375.jpg
哈利·波特与阿兹卡班的囚徒,8.9,756357,不一样的导演，不一样的哈利·波特。,,https://movie.douban.com/subject/1291544/,https://img1.doubanio.com/view/photo/s_ratio_poster/public/p1910812549.jpg
心灵捕手,8.9,733521,人生中应该拥有这样的一段豁然开朗。,,https://movie.douban.com/subject/1292656/,https://img9.doubanio.com/view/photo/s_ratio_poster/public/p480965695.jpg
超脱,9.0,623870,穷尽一生，我们要学会的，不过是彼此拥抱。,,https://movie.douban.com/subject/5322596/,https://img2.doubanio.com/view/photo/s_ratio_poster/public/p1305562621.jpg
低俗小说,8.9,855459,故事的高级讲法。,,https://movie.douban.com/subject/1291832/,https://img3.doubanio.com/view/photo/s_ratio_poster/public/p1910902213.jpg
海豚湾,9.3,362249,海豚的微笑，是世界上最高明的伪装。,,https://movie.douban.com/subject/3442220/,https://img1.doubanio.com/view/photo/s_ratio_poster/public/p2559579779.jpg
摩登时代,9.3,309763,大时代中的人生，小人物的悲喜。,,https://movie.douban.com/subject/1294371/,https://img1.doubanio.com/view/photo/s_ratio_poster/public/p2263408369.jpg
春光乍泄,9.0,646664,爱情纠缠，男女一致。,,https://movie.douban.com/subject/1292679/,https://img2.doubanio.com/view/photo/s_ratio_poster/public/p465939041.jpg
美国往事,9.2,421858,往事如烟，无处祭奠。,,https://movie.douban.com/subject/1292262/,https://img3.doubanio.com/view/photo/s_ratio_poster/public/p477229647.jpg
喜剧之王,8.8,992128,我是一个演员。,,https://movie.douban.com/subject/1302425/,https://img3.doubanio.com/view/photo/s_ratio_poster/public/p2579932167.jpg
致命ID,8.9,847537,最不可能的那个人永远是最可能的。,,https://movie.douban.com/subject/1297192/,https://img9.doubanio.com/view/photo/s_ratio_poster/public/p2558364386.jpg
杀人回忆,8.9,736816,关于连环杀人悬案的集体回忆。,,https://movie.douban.com/subject/1300299/,https://img1.doubanio.com/view/photo/s_ratio_poster/public/p1633113220.jpg
七宗罪,8.8,962225,警察抓小偷，老鼠玩死猫。,,https://movie.douban.com/subject/1292223/,https://img9.doubanio.com/view/photo/s_ratio_poster/public/p2219586434.jpg
红辣椒,9.1,482339,梦的勾结。,,https://movie.douban.com/subject/1865703/,https://img1.doubanio.com/view/photo/s_ratio_poster/public/p456825720.jpg
加勒比海盗,8.8,879946,约翰尼·德普的独角戏。,,https://movie.douban.com/subject/1298070/,https://img9.doubanio.com/view/photo/s_ratio_poster/public/p1596085504.jpg
哈利·波特与密室,8.9,783411,魔法的密室之门已打开...,,https://movie.douban.com/subject/1296996/,https://img1.doubanio.com/view/photo/s_ratio_poster/public/p1082651990.jpg
一一,9.1,409561,我们都曾经是一一。,,https://movie.douban.com/subject/1292434/,https://img3.doubanio.com/view/photo/s_ratio_poster/public/p2567845803.jpg
狩猎,9.1,404002,人言可畏。,,https://movie.douban.com/subject/6985810/,https://img3.doubanio.com/view/photo/s_ratio_poster/public/p1546987967.jpg
唐伯虎点秋香,8.7,1106268,华太师是黄霑，吴镇宇四大才子之一。,,https://movie.douban.com/subject/1306249/,https://img9.doubanio.com/view/photo/s_ratio_poster/public/p2357915564.jpg
7号房的礼物,8.9,569996,《我是山姆》的《美丽人生》。,,https://movie.douban.com/subject/10777687/,https://img9.doubanio.com/view/photo/s_ratio_poster/public/p1816276065.jpg
被嫌弃的松子的一生,8.9,716625,以戏谑来戏谑戏谑。,,https://movie.douban.com/subject/1787291/,https://img9.doubanio.com/view/photo/s_ratio_poster/public/p884763596.jpg
蝙蝠侠：黑暗骑士崛起,8.9,740269,诺兰就是保证。,,https://movie.douban.com/subject/3395373/,https://img9.doubanio.com/view/photo/s_ratio_poster/public/p1706428744.jpg
请以你的名字呼唤我,8.8,740109,沉醉在电影的情感和视听氛围中无法自拔。,,https://movie.douban.com/subject/26799731/,https://img1.doubanio.com/view/photo/s_ratio_poster/public/p2505525050.jpg
爱在黎明破晓前,8.8,703573,缘分是个连绵词，最美不过一瞬。,,https://movie.douban.com/subject/1296339/,https://img9.doubanio.com/view/photo/s_ratio_poster/public/p2555762374.jpg
剪刀手爱德华,8.7,1052706,浪漫忧郁的成人童话。,,https://movie.douban.com/subject/1292370/,https://img3.doubanio.com/view/photo/s_ratio_poster/public/p480956937.jpg
断背山,8.8,719813,每个人心中都有一座断背山。,,https://movie.douban.com/subject/1418834/,https://img3.doubanio.com/view/photo/s_ratio_poster/public/p2604889017.jpg
入殓师,8.9,682494,死可能是一道门，逝去并不是终结，而是超越，走向下一程。,,https://movie.douban.com/subject/2149806/,https://img9.doubanio.com/view/photo/s_ratio_poster/public/p2707581855.jpg
第六感,8.9,569962,深入内心的恐怖，出人意料的结局。,,https://movie.douban.com/subject/1297630/,https://img9.doubanio.com/view/photo/s_ratio_poster/public/p2220184425.jpg
重庆森林,8.8,831233,寂寞没有期限。,,https://movie.douban.com/subject/1291999/,https://img2.doubanio.com/view/photo/s_ratio_poster/public/p792381411.jpg
勇敢的心,8.9,566989,史诗大片的典范。,,https://movie.douban.com/subject/1294639/,https://img1.doubanio.com/view/photo/s_ratio_poster/public/p2004174709.jpg
超能陆战队,8.7,1039490,Balalala~~~,,https://movie.douban.com/subject/11026735/,https://img1.doubanio.com/view/photo/s_ratio_poster/public/p2224568669.jpg
甜蜜蜜,8.9,574696,相逢只要一瞬间，等待却像是一辈子。,,https://movie.douban.com/subject/1305164/,https://img9.doubanio.com/view/photo/s_ratio_poster/public/p2223011274.jpg
幽灵公主,8.9,536007,人与自然的战争史诗。,,https://movie.douban.com/subject/1297359/,https://img9.doubanio.com/view/photo/s_ratio_poster/public/p1613191025.jpg
爱在日落黄昏时,8.9,578183,九年后的重逢是世俗和责任的交叠，没了悸动和青涩，沧桑而温暖。,,https://movie.douban.com/subject/1291990/,https://img1.doubanio.com/view/photo/s_ratio_poster/public/p2561542458.jpg
菊次郎的夏天,8.9,609583,从没见过那么流氓的温柔，从没见过那么温柔的流氓。,,https://movie.douban.com/subject/1293359/,https://img9.doubanio.com/view/photo/s_ratio_poster/public/p2620392435.jpg
借东西的小人阿莉埃蒂,8.9,567280,曾经的那段美好会沉淀为一辈子的记忆。,,https://movie.douban.com/subject/4202302/,https://img9.doubanio.com/view/photo/s_ratio_poster/public/p617533616.jpg
寄生虫,8.8,1402452,,,https://movie.douban.com/subject/27010768/,https://img1.doubanio.com/view/photo/s_ratio_poster/public/p2561439800.jpg
消失的爱人,8.7,978908,年度最佳date movie。,,https://movie.douban.com/subject/21318488/,https://img9.doubanio.com/view/photo/s_ratio_poster/public/p2221768894.jpg
阳光灿烂的日子,8.8,627552,一场华丽的意淫。,,https://movie.douban.com/subject/1291875/,https://img9.doubanio.com/view/photo/s_ratio_poster/public/p2564685215.jpg
天使爱美丽,8.7,966458,法式小清新。 ,,https://movie.douban.com/subject/1292215/,https://img3.doubanio.com/view/photo/s_ratio_poster/public/p2447590313.jpg
完美的世界,9.1,323224,坏人的好总是比好人的好来得更感人。,,https://movie.douban.com/subject/1300992/,https://img1.doubanio.com/view/photo/s_ratio_poster/public/p2190556408.jpg
小森林 夏秋篇,9.0,434212,那些静得只能听见呼吸的日子里，你明白孤独即生活。,,https://movie.douban.com/subject/25814705/,https://img3.doubanio.com/view/photo/s_ratio_poster/public/p2564498893.jpg
倩女幽魂,8.8,753603,两张绝世的脸。 ,,https://movie.douban.com/subject/1297447/,https://img9.doubanio.com/view/photo/s_ratio_poster/public/p2414157745.jpg
无人知晓,9.1,327418,我的平常生活就是他人的幸福。,,https://movie.douban.com/subject/1292337/,https://img3.doubanio.com/view/photo/s_ratio_poster/public/p661160053.jpg
时空恋旅人,8.8,695624,把每天当作最后一天般珍惜度过，积极拥抱生活，就是幸福。,,https://movie.douban.com/subject/10577869/,https://img9.doubanio.com/view/photo/s_ratio_poster/public/p2070153774.jpg
未麻的部屋,9.1,349785,好的剧本是，就算你猜到了结局也猜不到全部。,,https://movie.douban.com/subject/1395091/,https://img3.doubanio.com/view/photo/s_ratio_poster/public/p1351050722.jpg
侧耳倾听,8.9,473833,少女情怀总是诗。,,https://movie.douban.com/subject/1297052/,https://img3.doubanio.com/view/photo/s_ratio_poster/public/p456692072.jpg
哈利·波特与火焰杯,8.8,683809,,,https://movie.douban.com/subject/1309055/,https://img9.doubanio.com/view/photo/s_ratio_poster/public/p735391084.jpg
驯龙高手,8.8,773514,和谐的生活离不开摸头与被摸头。,,https://movie.douban.com/subject/2353023/,https://img9.doubanio.com/view/photo/s_ratio_poster/public/p2210954024.jpg
幸福终点站,8.8,585104,有时候幸福需要等一等。 ,,https://movie.douban.com/subject/1292274/,https://img3.doubanio.com/view/photo/s_ratio_poster/public/p854757687.jpg
一个叫欧维的男人决定去死,8.9,498803,惠及一生的美丽。,,https://movie.douban.com/subject/26628357/,https://img3.doubanio.com/view/photo/s_ratio_poster/public/p2406624993.jpg
小森林 冬春篇,9.0,386850,尊敬他人，尊敬你生活的这片土地，明白孤独是人生的常态。,,https://movie.douban.com/subject/25814707/,https://img1.doubanio.com/view/photo/s_ratio_poster/public/p2215147728.jpg
教父3,9.0,384621,任何信念的力量，都无法改变命运。,,https://movie.douban.com/subject/1294240/,https://img2.doubanio.com/view/photo/s_ratio_poster/public/p2169664351.jpg
怪兽电力公司,8.8,691808,不要给它起名字，起了名字就有感情了。,,https://movie.douban.com/subject/1291579/,https://img1.doubanio.com/view/photo/s_ratio_poster/public/p2513247938.jpg
玩具总动员3,8.9,532161,跨度十五年的欢乐与泪水。,,https://movie.douban.com/subject/1858711/,https://img1.doubanio.com/view/photo/s_ratio_poster/public/p1283675359.jpg
傲慢与偏见,8.7,822556,爱是摈弃傲慢与偏见之后的曙光。,,https://movie.douban.com/subject/1418200/,https://img1.doubanio.com/view/photo/s_ratio_poster/public/p2016401659.jpg
新世界,8.9,453647,要做就做得狠一点，这样才能活下去。,,https://movie.douban.com/subject/10437779/,https://img1.doubanio.com/view/photo/s_ratio_poster/public/p1903379979.jpg
萤火之森,8.9,553074,触不到的恋人。,,https://movie.douban.com/subject/5989818/,https://img3.doubanio.com/view/photo/s_ratio_poster/public/p1675053073.jpg
茶馆,9.6,157167,,,https://movie.douban.com/subject/1461403/,https://img9.doubanio.com/view/photo/s_ratio_poster/public/p2528965424.jpg
釜山行,8.6,1226640,揭露人性的丧尸题材力作。,,https://movie.douban.com/subject/25986180/,https://img1.doubanio.com/view/photo/s_ratio_poster/public/p2360940399.jpg
被解救的姜戈,8.8,623645,热血沸腾，那个低俗、性感的无耻混蛋又来了。,,https://movie.douban.com/subject/6307447/,https://img3.doubanio.com/view/photo/s_ratio_poster/public/p1800813767.jpg
神偷奶爸,8.7,965666,Mr. I Don't Care其实也有Care的时候。,,https://movie.douban.com/subject/3287562/,https://img1.doubanio.com/view/photo/s_ratio_poster/public/p792776858.jpg
告白,8.8,684013,没有一人完全善，也没有一人完全恶。,,https://movie.douban.com/subject/4268598/,https://img9.doubanio.com/view/photo/s_ratio_poster/public/p689520756.jpg
玛丽和马克思,9.0,427451,你是我最好的朋友，你是我唯一的朋友 。,,https://movie.douban.com/subject/3072124/,https://img9.doubanio.com/view/photo/s_ratio_poster/public/p488255145.jpg
哪吒闹海,9.2,266694,想你时你在闹海。,,https://movie.douban.com/subject/1307315/,https://img9.doubanio.com/view/photo/s_ratio_poster/public/p2532803206.jpg
色，戒,8.7,838010,假戏真情，爱欲深海,,https://movie.douban.com/subject/1828115/,https://img9.doubanio.com/view/photo/s_ratio_poster/public/p453716305.jpg
大鱼,8.8,579635,抱着梦想而活着的人是幸福的，怀抱梦想而死去的人是不朽的。,,https://movie.douban.com/subject/1291545/,https://img9.doubanio.com/view/photo/s_ratio_poster/public/p692813374.jpg
九品芝麻官,8.7,701061,,,https://movie.douban.com/subject/1297518/,https://img1.doubanio.com/view/photo/s_ratio_poster/public/p648370300.jpg
喜宴,9.0,374596,中国家庭的喜怒哀乐忍。,,https://movie.douban.com/subject/1303037/,https://img3.doubanio.com/view/photo/s_ratio_poster/public/p2249048907.jpg
模仿游戏,8.8,662141,他给机器起名“克里斯托弗”，因为这是他初恋的名字。,,https://movie.douban.com/subject/10463953/,https://img3.doubanio.com/view/photo/s_ratio_poster/public/p2255040492.jpg
头号玩家,8.6,1395141,写给影迷，动漫迷和游戏迷的一封情书。,,https://movie.douban.com/subject/4920389/,https://img3.doubanio.com/view/photo/s_ratio_poster/public/p2516578307.jpg
射雕英雄传之东成西就,8.7,652208,百看不厌。 ,,https://movie.douban.com/subject/1316510/,https://img3.doubanio.com/view/photo/s_ratio_poster/public/p2609063922.jpg
花样年华,8.8,626332,偷情本没有这样美。,,https://movie.douban.com/subject/1291557/,https://img9.doubanio.com/view/photo/s_ratio_poster/public/p1910828286.jpg
头脑特工队,8.8,633359,愿我们都不用长大，每一座城堡都能永远存在。,,https://movie.douban.com/subject/10533913/,https://img9.doubanio.com/view/photo/s_ratio_poster/public/p2231021196.jpg
我是山姆,9.0,345767,爱并不需要智商 。,,https://movie.douban.com/subject/1306861/,https://img9.doubanio.com/view/photo/s_ratio_poster/public/p652417775.jpg
阳光姐妹淘,8.8,598821,再多各自牛逼的时光，也比不上一起傻逼的岁月。 ,,https://movie.douban.com/subject/4917726/,https://img3.doubanio.com/view/photo/s_ratio_poster/public/p1374786017.jpg
七武士,9.3,203648,时代悲歌。,,https://movie.douban.com/subject/1295399/,https://img9.doubanio.com/view/photo/s_ratio_poster/public/p2215886505.jpg
血战钢锯岭,8.7,796844,优秀的战争片不会美化战场，不会粉饰死亡，不会矮化敌人，不会无视常识，最重要的，不会宣扬战争。,,https://movie.douban.com/subject/26325320/,https://img1.doubanio.com/view/photo/s_ratio_poster/public/p2398141939.jpg
恐怖直播,8.7,666913,恐怖分子的“秋菊打官司”。,,https://movie.douban.com/subject/21360417/,https://img9.doubanio.com/view/photo/s_ratio_poster/public/p2016930906.jpg
惊魂记,9.0,305870,故事的反转与反转，分裂电影的始祖。,,https://movie.douban.com/subject/1293181/,https://img9.doubanio.com/view/photo/s_ratio_poster/public/p1021883305.jpg
黑客帝国3：矩阵革命,8.8,456235,不得不说，《黑客帝国》系列是商业片与科幻、哲学完美结合的典范。,,https://movie.douban.com/subject/1302467/,https://img1.doubanio.com/view/photo/s_ratio_poster/public/p443461818.jpg
你的名字。,8.5,1438800,穿越错位的时空，仰望陨落的星辰，你没留下你的名字，我却无法忘记那句“我爱你”。,,https://movie.douban.com/subject/26683290/,https://img3.doubanio.com/view/photo/s_ratio_poster/public/p2395733377.jpg
电锯惊魂,8.7,549260,真相就在眼前。,,https://movie.douban.com/subject/1417598/,https://img9.doubanio.com/view/photo/s_ratio_poster/public/p726839485.jpg
三块广告牌,8.7,839080,怼天怼地，你走后，她与世界为敌。,,https://movie.douban.com/subject/26611804/,https://img9.doubanio.com/view/photo/s_ratio_poster/public/p2502943384.jpg
达拉斯买家俱乐部,8.8,462281,Jared Leto的腿比女人还美！,,https://movie.douban.com/subject/1793929/,https://img3.doubanio.com/view/photo/s_ratio_poster/public/p2166160837.jpg
心迷宫,8.7,538257,荒诞讽刺，千奇百巧，抽丝剥茧，百转千回。,,https://movie.douban.com/subject/25917973/,https://img9.doubanio.com/view/photo/s_ratio_poster/public/p2276780256.jpg
疯狂原始人,8.7,855012,老少皆宜，这就是好莱坞动画的魅力。,,https://movie.douban.com/subject/1907966/,https://img3.doubanio.com/view/photo/s_ratio_poster/public/p1867084027.jpg
谍影重重3,8.8,427996,像吃了苏打饼一样干脆的电影。,,https://movie.douban.com/subject/1578507/,https://img3.doubanio.com/view/photo/s_ratio_poster/public/p792223507.jpg
英雄本色,8.6,553782,英雄泪短，兄弟情长。 ,,https://movie.douban.com/subject/1297574/,https://img3.doubanio.com/view/photo/s_ratio_poster/public/p2504997087.jpg
上帝之城,9.0,306664,被上帝抛弃了的上帝之城。,,https://movie.douban.com/subject/1292208/,https://img1.doubanio.com/view/photo/s_ratio_poster/public/p455677490.jpg
风之谷,8.9,361180,动画片的圣经。,,https://movie.douban.com/subject/1291585/,https://img3.doubanio.com/view/photo/s_ratio_poster/public/p1917567652.jpg
纵横四海,8.8,435637,香港浪漫主义警匪动作片的巅峰之作。,,https://movie.douban.com/subject/1295409/,https://img1.doubanio.com/view/photo/s_ratio_poster/public/p2597918718.jpg
爱在午夜降临前,8.9,415186,所谓爱情，就是话唠一路，都不会心生腻烦，彼此嫌弃。,,https://movie.douban.com/subject/10808442/,https://img1.doubanio.com/view/photo/s_ratio_poster/public/p2074715729.jpg
海街日记,8.8,460276,是枝裕和的家庭习作。,,https://movie.douban.com/subject/25895901/,https://img3.doubanio.com/view/photo/s_ratio_poster/public/p2603364117.jpg
绿里奇迹,8.9,341436,天使暂时离开。,,https://movie.douban.com/subject/1300374/,https://img2.doubanio.com/view/photo/s_ratio_poster/public/p767586451.jpg
卢旺达饭店,8.9,337202,当这个世界闭上双眼，他却敞开了怀抱。,,https://movie.douban.com/subject/1291822/,https://img3.doubanio.com/view/photo/s_ratio_poster/public/p470419493.jpg
小丑,8.7,1029660,,,https://movie.douban.com/subject/27119724/,https://img9.doubanio.com/view/photo/s_ratio_poster/public/p2567198874.jpg
记忆碎片,8.7,616787,一个针管引发的血案。,,https://movie.douban.com/subject/1304447/,https://img3.doubanio.com/view/photo/s_ratio_poster/public/p641688453.jpg
背靠背，脸对脸,9.5,141235,,,https://movie.douban.com/subject/1307856/,https://img3.doubanio.com/view/photo/s_ratio_poster/public/p2505048077.jpg
疯狂的石头,8.6,841892,中国版《两杆大烟枪》。,,https://movie.douban.com/subject/1862151/,https://img3.doubanio.com/view/photo/s_ratio_poster/public/p712241453.jpg
心灵奇旅,8.7,1011290,,,https://movie.douban.com/subject/24733428/,https://img1.doubanio.com/view/photo/s_ratio_poster/public/p2595591069.jpg
雨中曲,9.1,233199,骨灰级歌舞片。,,https://movie.douban.com/subject/1293460/,https://img9.doubanio.com/view/photo/s_ratio_poster/public/p1612355875.jpg
2001太空漫游,8.9,341496,现代科幻电影的开山之作，最伟大导演的最伟大影片。,,https://movie.douban.com/subject/1292226/,https://img9.doubanio.com/view/photo/s_ratio_poster/public/p2560717825.jpg
岁月神偷,8.7,581875,岁月流逝，来日可追。,,https://movie.douban.com/subject/3792799/,https://img2.doubanio.com/view/photo/s_ratio_poster/public/p456666151.jpg
无间道2,8.7,493493,,,https://movie.douban.com/subject/1307106/,https://img1.doubanio.com/view/photo/s_ratio_poster/public/p958008320.jpg
忠犬八公物语,9.2,200208,养狗三日，便会对你终其一生。,,https://movie.douban.com/subject/1959195/,https://img9.doubanio.com/view/photo/s_ratio_poster/public/p2603716224.jpg
荒蛮故事,8.8,453155,始于荒诞，止于更荒诞。,,https://movie.douban.com/subject/24750126/,https://img3.doubanio.com/view/photo/s_ratio_poster/public/p2584519452.jpg
小偷家族,8.7,826404,我们组成了家。,,https://movie.douban.com/subject/27622447/,https://img9.doubanio.com/view/photo/s_ratio_poster/public/p2530599636.jpg
无敌破坏王,8.7,553828,迪士尼和皮克斯拿错剧本的产物。,,https://movie.douban.com/subject/6534248/,https://img9.doubanio.com/view/photo/s_ratio_poster/public/p1735642656.jpg
爆裂鼓手,8.7,602990,这个世界从不善待努力的人，努力了也不一定会成功，但是知道自己在努力，就是活下去的动力。,,https://movie.douban.com/subject/25773932/,https://img3.doubanio.com/view/photo/s_ratio_poster/public/p2220776342.jpg
冰川时代,8.6,629546,松鼠才是角儿。,,https://movie.douban.com/subject/1291578/,https://img1.doubanio.com/view/photo/s_ratio_poster/public/p1910895719.jpg
恐怖游轮,8.5,887458,不要企图在重复中寻找已经失去的爱。,,https://movie.douban.com/subject/3011051/,https://img9.doubanio.com/view/photo/s_ratio_poster/public/p462470694.jpg
贫民窟的百万富翁,8.6,757709,上帝之城+猜火车+阿甘正传+开心辞典=山寨富翁,,https://movie.douban.com/subject/2209573/,https://img1.doubanio.com/view/photo/s_ratio_poster/public/p2434249040.jpg
牯岭街少年杀人事件,8.9,311130,弱者送给弱者的一刀。,,https://movie.douban.com/subject/1292329/,https://img9.doubanio.com/view/photo/s_ratio_poster/public/p848381236.jpg
东京教父,9.0,241607,,,https://movie.douban.com/subject/1310177/,https://img1.doubanio.com/view/photo/s_ratio_poster/public/p456703618.jpg
东邪西毒,8.6,587438,电影诗。,,https://movie.douban.com/subject/1292328/,https://img3.doubanio.com/view/photo/s_ratio_poster/public/p1982176012.jpg
魔女宅急便,8.7,470667,宫崎骏的电影总让人感觉世界是美好的，阳光明媚的。,,https://movie.douban.com/subject/1307811/,https://img3.doubanio.com/view/photo/s_ratio_poster/public/p456676352.jpg
大佛普拉斯,8.7,474681,人们可以登上月球，却永远无法探索人们内心的宇宙。,,https://movie.douban.com/subject/27059130/,https://img3.doubanio.com/view/photo/s_ratio_poster/public/p2505928032.jpg
遗愿清单,8.7,475836,用剩余不多的时间，去燃烧整个生命。,,https://movie.douban.com/subject/1867345/,https://img3.doubanio.com/view/photo/s_ratio_poster/public/p2676812053.jpg
你看起来好像很好吃,8.9,340794,感情不分食草或者食肉。,,https://movie.douban.com/subject/4848115/,https://img3.doubanio.com/view/photo/s_ratio_poster/public/p709670262.jpg
可可西里,8.9,310546,坚硬的信仰。,,https://movie.douban.com/subject/1308857/,https://img9.doubanio.com/view/photo/s_ratio_poster/public/p2363208684.jpg
黑天鹅,8.6,793036,黑暗之美。,,https://movie.douban.com/subject/1978709/,https://img9.doubanio.com/view/photo/s_ratio_poster/public/p2549648344.jpg
真爱至上,8.5,750688,爱，是个动词。,,https://movie.douban.com/subject/1292401/,https://img1.doubanio.com/view/photo/s_ratio_poster/public/p475600770.jpg
城市之光,9.3,151509,永远的小人物，伟大的卓别林。,,https://movie.douban.com/subject/1293908/,https://img1.doubanio.com/view/photo/s_ratio_poster/public/p2170238828.jpg
源代码,8.5,851105,邓肯·琼斯继《月球》之后再度奉献出一部精彩绝伦的科幻佳作。,,https://movie.douban.com/subject/3075287/,https://img9.doubanio.com/view/photo/s_ratio_poster/public/p988260245.jpg
海边的曼彻斯特,8.6,561618,我们都有权利不与自己的过去和解。,,https://movie.douban.com/subject/25980443/,https://img9.doubanio.com/view/photo/s_ratio_poster/public/p2421855655.jpg
雨人,8.7,411438,生活在自己的世界里，也可以让周围的人显得可笑和渺小。,,https://movie.douban.com/subject/1291870/,https://img3.doubanio.com/view/photo/s_ratio_poster/public/p2353324612.jpg
波西米亚狂想曲,8.6,620464,,,https://movie.douban.com/subject/5300054/,https://img3.doubanio.com/view/photo/s_ratio_poster/public/p2549558913.jpg
末路狂花,8.9,271071,没有了退路，只好飞向自由。,,https://movie.douban.com/subject/1291992/,https://img9.doubanio.com/view/photo/s_ratio_poster/public/p1910924635.jpg
初恋这件小事,8.5,993234,黑小鸭速效美白记。,,https://movie.douban.com/subject/4739952/,https://img3.doubanio.com/view/photo/s_ratio_poster/public/p1505312273.jpg
青蛇,8.6,538981,人生如此，浮生如斯。谁人言，花彼岸，此生情长意短。谁都是不懂爱的罢了。,,https://movie.douban.com/subject/1303394/,https://img3.doubanio.com/view/photo/s_ratio_poster/public/p2570901292.jpg
恋恋笔记本,8.5,686065,爱情没有那么多借口，如果不能圆满，只能说明爱的不够。 ,,https://movie.douban.com/subject/1309163/,https://img9.doubanio.com/view/photo/s_ratio_poster/public/p483604864.jpg
人工智能,8.7,456557,对爱的执着，可以超越一切。,,https://movie.douban.com/subject/1302827/,https://img3.doubanio.com/view/photo/s_ratio_poster/public/p792257137.jpg
虎口脱险,8.9,264086,永远看不腻的喜剧。,,https://movie.douban.com/subject/1296909/,https://img3.doubanio.com/view/photo/s_ratio_poster/public/p2399597512.jpg
终结者2：审判日,8.8,348849,少见的超越首部的续集，动作片中的经典。,,https://movie.douban.com/subject/1291844/,https://img9.doubanio.com/view/photo/s_ratio_poster/public/p1910909085.jpg
疯狂的麦克斯4：狂暴之路,8.7,542873,“多么美好的一天！”轰轰轰砰咚，啪哒哒哒轰隆隆，磅~,,https://movie.douban.com/subject/3592854/,https://img3.doubanio.com/view/photo/s_ratio_poster/public/p2236181653.jpg
罗生门,8.8,322492,人生的N种可能性。,,https://movie.douban.com/subject/1291879/,https://img2.doubanio.com/view/photo/s_ratio_poster/public/p1598883511.jpg
爱乐之城,8.4,953511,,,https://movie.douban.com/subject/25934014/,https://img3.doubanio.com/view/photo/s_ratio_poster/public/p2901102612.jpg
新龙门客栈,8.7,455439,嬉笑怒骂，调风动月。,,https://movie.douban.com/subject/1292287/,https://img1.doubanio.com/view/photo/s_ratio_poster/public/p1421018669.jpg
无耻混蛋,8.7,491478,昆汀同学越来越变态了，比北野武还杜琪峰。,,https://movie.douban.com/subject/1438652/,https://img3.doubanio.com/view/photo/s_ratio_poster/public/p1086394013.jpg
芙蓉镇,9.3,148325,,,https://movie.douban.com/subject/1297880/,https://img9.doubanio.com/view/photo/s_ratio_poster/public/p2174804034.jpg
崖上的波妞,8.6,511478,,,https://movie.douban.com/subject/1959877/,https://img1.doubanio.com/view/photo/s_ratio_poster/public/p2627847859.jpg
千钧一发,8.8,308266,一部能引人思考的科幻励志片。,,https://movie.douban.com/subject/1300117/,https://img9.doubanio.com/view/photo/s_ratio_poster/public/p2195672555.jpg
萤火虫之墓,8.7,410730,幸福是生生不息，却难以触及的远。 ,,https://movie.douban.com/subject/1293318/,https://img1.doubanio.com/view/photo/s_ratio_poster/public/p2237136718.jpg
花束般的恋爱,8.6,657264,,,https://movie.douban.com/subject/34874432/,https://img3.doubanio.com/view/photo/s_ratio_poster/public/p2868462052.jpg
彗星来的那一夜,8.6,598748,小成本大魅力。,,https://movie.douban.com/subject/25807345/,https://img9.doubanio.com/view/photo/s_ratio_poster/public/p2187896734.jpg
奇迹男孩,8.6,560756,世界不完美，爱会有奇迹。,,https://movie.douban.com/subject/26787574/,https://img1.doubanio.com/view/photo/s_ratio_poster/public/p2507709428.jpg
哈利·波特与死亡圣器(上),8.5,595594,最忠于原著的一部。,,https://movie.douban.com/subject/2051007/,https://img9.doubanio.com/view/photo/s_ratio_poster/public/p721429854.jpg
黑客帝国2：重装上阵,8.7,414978,一个精彩的世界观正在缓缓建立。,,https://movie.douban.com/subject/1304141/,https://img1.doubanio.com/view/photo/s_ratio_poster/public/p443461390.jpg
二十二,8.7,296354,有一些东西不应该被遗忘。,,https://movie.douban.com/subject/26430107/,https://img3.doubanio.com/view/photo/s_ratio_poster/public/p2457609817.jpg
血钻,8.7,388371,每个美丽事物背后都是滴血的现实。,,https://movie.douban.com/subject/1428175/,https://img3.doubanio.com/view/photo/s_ratio_poster/public/p1244017073.jpg
战争之王,8.7,377239,做一颗让别人需要你的棋子。,,https://movie.douban.com/subject/1419936/,https://img2.doubanio.com/view/photo/s_ratio_poster/public/p792282381.jpg
火星救援,8.5,748158,,,https://movie.douban.com/subject/25864085/,https://img1.doubanio.com/view/photo/s_ratio_poster/public/p2250098990.jpg
步履不停,8.8,286191,日本的家庭电影已经是世界巅峰了，步履不停是巅峰中的佳作。,,https://movie.douban.com/subject/2222996/,https://img1.doubanio.com/view/photo/s_ratio_poster/public/p2375245718.jpg
房间,8.8,373905,被偷走的岁月，被伤害的生命，被禁锢的灵魂，终将被希望和善意救赎。,,https://movie.douban.com/subject/25724855/,https://img9.doubanio.com/view/photo/s_ratio_poster/public/p2259715855.jpg
魂断蓝桥,8.8,284779,中国式内在的美国电影。,,https://movie.douban.com/subject/1293964/,https://img1.doubanio.com/view/photo/s_ratio_poster/public/p2351134499.jpg
千年女优,8.8,277169,爱情是一场没有尽头的虚幻追逐。,,https://movie.douban.com/subject/1307394/,https://img9.doubanio.com/view/photo/s_ratio_poster/public/p2215102596.jpg
白日梦想家,8.6,507789,,,https://movie.douban.com/subject/2133323/,https://img2.doubanio.com/view/photo/s_ratio_poster/public/p2160195181.jpg
谍影重重2,8.7,361282,谁说王家卫镜头很晃？,,https://movie.douban.com/subject/1308767/,https://img9.doubanio.com/view/photo/s_ratio_poster/public/p667644866.jpg
哈利·波特与凤凰社,8.5,590353,,,https://movie.douban.com/subject/1457217/,https://img1.doubanio.com/view/photo/s_ratio_poster/public/p443403700.jpg
高山下的花环,9.5,96469,,,https://movie.douban.com/subject/1422283/,https://img1.doubanio.com/view/photo/s_ratio_poster/public/p2319879389.jpg
弱点,8.7,318480,拍掉身上的悲伤，从今天开始重新踏上追梦之旅。,,https://movie.douban.com/subject/3552028/,https://img3.doubanio.com/view/photo/s_ratio_poster/public/p2577248102.jpg
蜘蛛侠：平行宇宙,8.6,684297,,,https://movie.douban.com/subject/26374197/,https://img1.doubanio.com/view/photo/s_ratio_poster/public/p2535851348.jpg
谍影重重,8.6,438365,哗啦啦啦啦，天在下雨，哗啦啦啦啦，云在哭泣……找自己。,,https://movie.douban.com/subject/1304102/,https://img2.doubanio.com/view/photo/s_ratio_poster/public/p1597183981.jpg
阿飞正传,8.5,521865,王家卫是一种风格，张国荣是一个代表。,,https://movie.douban.com/subject/1305690/,https://img3.doubanio.com/view/photo/s_ratio_poster/public/p2525770523.jpg
朗读者,8.6,460334,当爱情跨越年龄的界限，它似乎能变得更久远一点，成为一种责任，一种水到渠成的相濡以沫。 ,,https://movie.douban.com/subject/2213597/,https://img1.doubanio.com/view/photo/s_ratio_poster/public/p1140984198.jpg
大红灯笼高高挂,8.8,287681,,,https://movie.douban.com/subject/1293323/,https://img3.doubanio.com/view/photo/s_ratio_poster/public/p1254404823.jpg
再次出发之纽约遇见你,8.6,435903,爱我就给我看你的播放列表。,,https://movie.douban.com/subject/6874403/,https://img3.doubanio.com/view/photo/s_ratio_poster/public/p2250287733.jpg
燃情岁月,8.7,292830,传奇，不是每个人都可以拥有。,,https://movie.douban.com/subject/1295865/,https://img9.doubanio.com/view/photo/s_ratio_poster/public/p2797313535.jpg
